y,x01,x02,x03,x04,x05,x06,x07,x08,x09,x10,x11,x12,x13,x14,x15,x16,x17,x18,x19,x20
1,1.0694992522062692,-13.416604575127066,-9.841063503785646,0.030193372593262213,-5.944410622622742,-4.113854188951057,-0.1846635533529337,-1.0696408259408727,4.881294566687704,0.7873921122140475,-13.880780165270997,5.089352872594735,16.427216057999075,-4.73735966478572,-12.83137622795705,-1.8774330163878246,2.8851631930882964,3.856951458110846,0,1
1,-1.7219287777610166,-13.569184777092659,-9.069162455703873,0.034344802354078066,-6.7929618468869775,-5.7640630642657635,-0.02034311686205914,0.38933765598262843,3.93802503219751,-2.9764611423202103,-11.787001175362413,4.243945223323709,15.880238974675727,-4.192055093167269,-1.5555960127452888,-1.6332138460439838,3.31533098353163,7.1304310751010185,0,1
2,-0.4546836984624652,-14.279098997587,-11.49635915609309,0.01243455001097336,-9.883566058286382,-5.558686501124959,-0.13243100405183486,-1.2929217605518804,7.3284337452585016,-5.96161649527349,-15.38128809031209,-4.997980931594037,17.625625544931957,-2.715707016634856,-6.154210768041813,-3.831392167245128,6.030469016454701,2.7838277130785176,0,1
4,1.051033423436971,-15.208828930841957,-12.126727034434436,0.03366070640010422,-4.3857762137973255,-5.618511108396655,0.03624893540442075,-0.22729016487875764,-1.1224936290646963,-2.1438406991582313,-9.632044275272325,-5.366528779527183,17.62554806160083,-3.1673134627652586,-6.023907383522909,-2.134522442859252,4.203089882829508,6.130710086523993,0,1
4,-0.5158265283556573,-14.279286792182761,-12.607615063918514,0.033908734909942735,-6.5598749158493295,-6.079889586649229,-0.19325444510874398,-0.7343740008082729,2.2744688928613264,-4.1528243863700265,-13.675675232111018,-2.6459855210193552,14.834596141361411,-3.974700657583061,-5.693271767155386,-2.4111844943172436,1.3675628516704879,4.385270269316669,0,1
1,-3.7280973549360947,-12.134568063771754,-12.069290461061781,0.02878375610353364,-6.970588144169707,-6.879378404475196,-0.0018048126354222142,-1.0277016816620275,6.226800240559658,-2.8380760001725522,-12.54928645135774,2.332701154472906,15.376619568207522,-3.633851256314574,-1.3547841941479875,-1.831263052282727,1.5842016942606094,5.197180211526856,0,1
4,-1.3117263759278963,-12.328857995363451,-10.516220708135958,0.026804867032829614,-5.5250138774332,-5.526665244131016,-0.1700443027172573,-0.6845662022021732,3.9094408586212266,-2.954955325632099,-11.071282635527776,-4.909303902404727,20.40273448193613,-2.7183492896534607,-4.537161110291857,-2.39392700106647,2.5300560220400667,2.3356792028196494,0,1
4,-2.0342556151232385,-12.673109080167855,-14.068598738419762,0.02255503366539412,-6.328015206692815,-6.879619331335879,-0.15652910545598667,-1.1165439295722006,3.156064663890213,-0.3683042149054627,-7.8538723941381425,1.4869712129324557,18.039790749857428,-3.629167707894082,-4.804655529334978,-2.4223581629125794,4.219313204145606,7.454071072613098,1,1
2,2.0659340695782786,-11.647355252749199,-16.12428681456006,0.02197633755121418,-8.367709701980726,-6.308110340401977,-0.1656649522531536,-0.5953494733236038,1.8482912925039396,-4.597480442883158,-12.226598411021158,-1.8693720244273748,15.361570467651957,-4.386767573286907,-8.00346621372646,-2.032645903201381,0.9261890677851387,4.148375983600455,0,0
1,-1.4539625735153412,-11.580394014278754,-10.885908887279962,0.028889395913247858,-6.800360380720938,-6.000278961581048,-0.13305602392773833,-0.6768290881639134,4.3019071637529045,-1.905054942185437,-12.513339463791946,-0.3129822138400078,14.837383874410323,-3.443412987554583,-6.728751880339388,-2.5112827478389983,3.823629237517098,6.8278108940795414,0,1
4,1.6243171285228666,-12.859493173100708,-11.8314385122105,0.024722009293317967,-8.608388357136114,-6.955953550771192,-0.210080155777363,-0.563879227128979,4.7286847871034965,-1.4016978495427646,-11.297150107763779,-1.3114983232933517,16.719906986302952,-3.8965080636613556,-5.30693262227163,-2.487165601547068,1.0535730833776016,3.42690809009105,0,1
4,-1.1535843693220957,-11.948867709083103,-15.841292384567847,0.02228208103363141,-6.7111122594328965,-6.643651221144319,-0.1303118053343596,0.09357695981306659,2.933347752131837,-3.0516079824104416,-11.999530029705946,-4.748741740135435,21.10520135468267,-3.271353838123072,-7.425742452477157,-3.567641140402731,4.290050423042798,0.927824471884031,0,1
2,-0.4690467154080968,-11.580999692525863,-11.909063412165565,0.031147992480326257,-7.641093155534982,-7.489349054922858,-0.018680217550763732,-1.7428165843440377,0.6610677701063772,-3.8969958952041956,-13.745464437994867,-2.9447980366723616,21.069205184370784,-4.948176055167649,0.2370435213483136,-1.0932106647890225,6.217416075038033,6.24102742073595,0,1
1,-2.2126196892468832,-12.569036043931806,-10.553992023560557,0.025663655867756943,-9.671384446519692,-4.902175433740331,-0.2936967068613303,0.11789749946575295,1.8772256272810572,3.052667099737067,-9.229932209403405,-2.749250673686935,16.5367445538424,-2.7761079526084136,-14.06063017847708,-2.8649309503994154,3.004947646649041,0.7323640900882732,0,1
1,0.13711310464176477,-14.470190626267296,-9.58885776693353,0.023784572032078212,-5.082053873599779,-4.366274121120375,-0.16813590148789734,-1.1981244054949074,6.17098569101602,0.44338080911505995,-12.237799967812778,0.507389808441954,20.366944104872427,-3.6920682005052954,-13.787572829180322,-0.9489012048220378,2.1693658155156488,3.271746229536966,0,1
3,-1.0619076172855513,-13.845082292805703,-11.16521562181087,0.017663315761289787,-4.468012244879276,-5.846373207834314,-0.02322347024497781,-2.305738850394728,1.3793910117142951,-4.337639411114585,-11.342586060225246,1.0574924609827259,16.618197413325095,-4.337425170882495,-4.358961995684671,-5.211507310135123,3.510402786271346,3.6332761835846257,0,1
3,-2.210736002251033,-11.283497889958355,-16.291119420459268,0.03000886137340667,-5.189068183106668,-6.972886227816738,0.09448921847933076,-0.5535448333799757,6.579115305412312,-5.838989564058084,-9.37974464491299,-0.10387779435211852,18.702879007806125,-3.560134814306614,-4.112673026677922,-2.2198624918880503,4.86840073518859,2.3462246723012994,1,1
3,-0.39629718719473944,-11.823049571959817,-9.564055480470001,0.021947121088458643,-5.978783622653954,-6.121497976116823,-0.2173193657457311,-1.0601358526708007,4.314554847691061,-3.1453738543658263,-8.871870865479433,0.15370391569001446,16.235372679180603,-3.31746887611481,-1.2837703245108907,-2.633067887705575,4.633853443571459,5.676338668416215,0,1
4,0.4562312235236511,-13.469385312202679,-16.451380339132843,0.02243875838412771,-8.861477898511524,-6.4356654426307065,-0.12875559525781802,-1.0240388270902108,1.6513769082284364,-4.623386442244149,-9.641460781086039,1.2023367652484929,21.310864780595416,-2.4083019824307543,-7.408226704045465,-2.752394899959284,2.997972783297126,2.1678511943863223,0,1
1,-0.9410815509843826,-13.166039749884254,-10.76822858528756,0.025516967618228237,-8.174562460467548,-3.4653808067275516,0.028938207929092383,-1.1374920427143798,0.5700589863580089,-1.9654357341893334,-16.625985467898932,-2.4647312053873915,21.184018390031007,-3.3429427267543974,-14.642306730788707,-2.689372012298439,1.2890541727781688,6.612690047265189,1,1
4,0.3052826744808227,-11.499373527019026,-10.98657853510129,0.02743367614288732,-8.688388687530871,-6.5443429601190095,-0.20588081931325397,-1.616874072601621,3.3508092991563654,0.5691162663773763,-10.513650838580398,1.3910512814114293,17.653530438106287,-4.487341869067374,-6.226372599477343,-2.896588470892356,3.9539733157759462,4.4628720075897395,0,1
2,1.844287395932677,-14.65226648187736,-16.973940883002395,0.02878199732905276,-5.75263715281789,-7.6211670523699455,-0.11751030603487678,-1.5400248480331167,5.524133728569501,-3.8507662907215066,-9.554044133360888,0.852514492445953,19.84904524024726,-2.886240249928254,-5.157350025481055,-2.639467498295235,3.4776406493047527,1.4621675651698673,0,1
2,-0.47187525224411336,-13.475792458671986,-9.75239169052546,0.01752039095364202,-5.654848629644088,-6.424136822536032,-0.17985297622198795,-0.5377016812899722,3.9735363146947633,-3.0907724430527357,-12.646296333031469,5.045218603870223,19.11227933952446,-4.2603384805496205,-2.8393822477492567,-0.8122365998408309,5.374704450968322,6.462187768564843,0,1
2,0.07085043059581964,-11.565076629028495,-8.079040764169871,0.02246055613074573,-6.917109047004072,-5.365757438780332,-0.17469561468961214,-1.7066385858006,5.767314895272231,-0.9201722046086895,-6.743830940747988,-0.4323430644057047,23.80862676414247,-1.824213387840691,-5.1995568277493796,-3.2991048964763436,4.224084917688454,3.4393183496321065,0,1
1,1.8311053267028485,-12.604668586914777,-9.662768821005802,0.02817244760420842,-2.3121991245536977,-5.792401365588251,-0.0746058182990697,-1.1078748006643626,3.0479578603852295,3.650059562129372,-9.436570089031008,-9.031098246116391,19.446904392468124,-1.6498489210179117,-8.278697419194891,-1.531566170593134,3.6405943039156723,1.0735910474633663,0,1
4,-0.38142761831491323,-10.918333437234436,-10.537313707347138,0.019722121681465865,-8.545906606513809,-6.321111276651655,-0.15101559112709206,-0.8872359247825087,3.1249473776474663,-4.421340351385872,-13.0194619458199,2.7450410810147816,18.742314936326913,-4.5717967264146075,-1.8081111866001498,-3.203618445046194,1.1361341306865733,6.925224427584186,0,1
3,-0.5794668013652968,-13.034602664014503,-15.115395091975818,0.006664373360066234,-7.601609049466278,-6.165175650401349,-0.09328431158578135,-0.9740508727512568,2.290212573619573,-2.281294190338615,-10.01654250063603,-2.31309884061449,20.662202951717852,-3.8062191898347386,-8.342780861990438,-3.8054419754753233,5.675839273053537,2.025877527194587,0,0
3,-0.033583025093890294,-12.028149918370236,-15.738799412586948,0.023784488333411822,-6.577791548642128,-6.171260464669305,0.11397181459205163,-1.6615206749531481,-2.3377647382851996,-1.3503081202302207,-9.521293218657487,-0.7899702991462096,19.43330186547914,-3.8175840018136906,-8.499576714277982,-3.072391119066926,2.677652285174564,2.9070514432374166,0,1
3,1.0811827512142846,-16.077396057225158,-13.641583090359596,0.031150465098708734,-8.251573136421886,-4.611163072252231,-0.33521574785379055,-0.9255789757797853,4.369775982252977,-1.1088298536838717,-6.829649454250366,-0.8969574428953812,19.332543005857723,-2.103276060312667,-13.129653942944715,-2.4436509373585187,1.7149603291895166,-0.15475782407004368,0,0
1,1.9828036983683583,-13.886818329394043,-10.246255136680393,0.020306511303603707,-8.287509300209154,-6.56407415526628,0.10795635433291545,-1.4755917599438728,3.270447473110122,-1.5594464786995148,-8.133283753309177,5.327462260314468,22.459641959384303,-3.2093039260705614,-1.6440358239990145,-2.217236953166947,1.868033386706511,8.69241706067249,1,1
1,-2.8109183849789456,-12.48461444353329,-11.975477992523667,0.022644760998705157,-6.676716149545506,-5.407694633785741,-0.02520276541895297,-0.8606307463820052,2.7482054640419085,-2.8928774688441523,-10.294816121694327,0.9172930714443553,18.990057139607533,-4.316901827035493,-6.921913928972877,-2.607766630950589,4.619481066946994,5.879336541056644,0,1
3,2.121382887301519,-13.600043140380478,-16.600666918993536,0.01652523303150865,-7.920637664378657,-6.084295437788347,-0.1003846681843851,-2.171005732152723,6.2993072936796475,-2.9514117733591885,-10.196400164118309,-3.9466636118655414,19.912028073713234,-2.863579432816531,-9.08744489327293,-1.8685533935072547,3.0445860763078265,1.4306609885071269,0,1
1,2.9699973355055587,-14.56290720282616,-9.694173231129703,0.01729545885141204,-5.612568328333577,-5.6726864022094725,-0.12607077330413674,-0.4052131071062792,4.582153429474648,-3.4242515098189807,-13.121745743273303,2.1761105388545854,20.108301332526565,-3.880458319128026,-3.3013577273058217,-3.1510227980148926,3.6459389549577517,8.656689226597388,0,0
1,-0.12875788098999963,-13.410787975071575,-11.881570948171298,0.034163741335954706,-4.946718869336329,-6.045203149265495,-0.012665068304639728,-1.1577568204807136,6.172525623055901,-2.7664504382865225,-11.341693110240467,-6.559052877686661,19.434259574985813,-5.385643482583223,-3.001140757991271,-3.4113550836683553,3.9354655739860234,5.266891251864859,0,1
3,-0.27459059634939165,-13.008418711358146,-10.555333978957883,0.022614303216830795,-10.271459510920847,-5.072893152074757,0.040453259813322665,-2.3210656137864207,5.416125261189552,-4.533733853799304,-9.055734802539606,1.2306693223179874,18.262380936822275,-4.936941476377758,-4.45695890111388,-1.8394254040550289,0.9648492051923914,2.883347778834559,0,1
3,-1.1932526758657953,-14.447566918637929,-14.940557638443757,0.023192514301733694,-5.880462318985826,-5.840862214585979,-0.5291588885811209,-1.33060401535412,2.03905642499673,-1.1277307118059616,-7.762009875779071,-1.010773995159707,19.537890936942013,-3.90803401107776,-10.229865140278392,-2.7995175868721365,8.087092595453344,4.696738813097727,0,0
1,2.489333700638286,-14.190482049487578,-15.493249834758773,0.014780463535925705,-3.9330299348560667,-6.499705118898883,-0.12927546293151623,-2.100479197519477,4.057678590307114,-4.485036568195723,-10.161275300459058,0.181879076758849,16.227610424172493,-2.1103518249969158,-5.30690707789196,-3.237504266286391,2.5796510332464626,3.074302673144059,0,0
4,0.24135114735887392,-10.915992034915348,-12.031076427443361,0.025339223993675285,-6.826320237764344,-4.897352693466741,-0.09540617607566863,-0.9263825640311577,2.3082022240984887,-5.573024252065511,-16.466368694488953,-3.6693207510544488,17.21713493780291,-3.2749682679970453,-5.367619225072945,-2.620820902277503,3.1831663970437982,5.955388415450287,1,1
4,1.6907003988330165,-13.337287929669655,-17.43621257996832,0.025465691313292536,-6.3156573372360825,-7.836466046767225,-0.006018570546487807,-2.2710644009960967,4.756468907851414,1.1954662156042275,-12.344088326234848,-6.9766113211314,20.926844126496157,-3.6898981587484285,-7.270229547906194,-2.2467243450171064,4.319618614745596,3.129644688781893,0,1
1,3.5979098516196353,-14.74430277143635,-10.742931225403174,0.0222888166429691,-4.2115024448479845,-5.68850780429932,0.08993731383574223,-1.4403166100234512,2.8622824917083394,-2.2928182766252796,-10.29521490037873,-3.260011609374219,17.599104026217276,-4.379011237796272,-7.9997461078229835,-3.481981323754504,0.6146132092040282,3.6971509138005123,0,0
4,0.21769677730089004,-10.949434762674722,-13.224632338416184,0.019150065402620903,-6.73633127967146,-7.058472800243458,-0.4329513109097954,-1.4595677238230864,2.4947461634905275,-3.0818635250534197,-6.039808828965482,-0.941248783963618,15.208740324463381,-5.298772534968309,-1.6979512569035256,-1.276417305537882,5.978612416442208,2.6093301052489775,0,1
4,-1.3576949382988215,-17.103910191006232,-8.167860795980737,0.022769467723777838,-7.299567178181102,-4.343563203155072,0.008575832506992606,-0.6957535615388266,3.8240969174108352,-0.676532580714011,-10.929659863597728,-3.394886910082585,19.37117212893964,-5.583229060050908,-6.197879105944129,-1.594052672340199,3.7473059198081473,4.58634908507209,0,1
1,0.9915801820594972,-12.733336486717901,-13.538252233382822,0.03557703397971499,-4.4893221931616765,-6.040561517188346,-0.08320507593074258,-1.7858085023363521,3.9051734214440215,-2.036169469768704,-13.413350095960531,1.2197503281313828,14.144787665555262,-4.811988710650298,-5.955048192018148,-1.6837123248250763,6.289745730231985,7.482321963557298,0,1
4,0.9784013382108647,-15.382380389561057,-9.667674939176603,0.021485029448909586,-8.599080940615934,-6.323779979314815,-0.06848864683889172,0.11435021036461897,2.6403007694963128,-1.833999544508752,-12.15667563038045,-6.732878756243934,16.802993283598504,-5.6918930150771825,-4.762467142103677,-1.609571676337378,4.4808075113960175,4.2300326568192395,0,1
2,-1.6728401974381877,-16.21198185401277,-12.089703750137955,0.021257693580088236,-7.859743614545122,-6.009207192348225,0.06007762824878176,-1.1590738609631321,1.6816464564998057,-0.7708378743392339,-14.634521940150131,-1.537174412691115,18.55010359016138,-2.8968066704812774,-7.610484990327695,-2.928542375504358,3.2659707962005866,3.7065289072359837,0,1
1,0.9333670738128477,-11.718592127768261,-11.596149510390731,0.019806833557646016,-8.248477444261422,-5.173027099112279,-0.10860970935036149,-1.5687032742860083,0.6772054716207749,-1.9888422887349138,-8.789571767047946,0.08818263245120858,19.72163132830073,-3.9338293522558265,-10.566342708091002,-0.5935572564708207,4.418140644035334,5.2196867781316865,0,1
4,-0.03163609112626148,-13.474388582856145,-10.854287953802999,0.04190164236300389,-4.715228853226698,-4.962532475950614,0.09330492560994721,-2.0764389712320535,2.9073082114569115,-2.8569522156656397,-11.430208039480599,-2.873503801552709,19.988423138169505,-4.483139836429291,-10.101085803433836,-1.9249348912830426,4.261547651079205,4.004623929090333,0,1
4,-0.6887170227831564,-13.401228074339826,-8.730931022992408,0.03168961462704028,-6.112325896784718,-5.5502727149521105,-0.036239215177912815,-0.013425290685442265,5.720240723492205,0.3818531596520532,-9.263203281839813,2.325039573872365,19.511376560597466,-5.174402007023812,-6.6285212111739895,-2.237961765380051,4.431559798694938,2.250128469794971,0,1
1,1.4880497662401797,-13.754570581624664,-8.475788940748062,0.024677516962649724,-7.532825159443917,-5.09637192812192,-0.10926736232964916,-1.9617792145035364,6.946801530763282,-2.615250147259223,-9.729710922575796,-2.3121764519553016,14.8474135462333,-4.166089624918889,-5.42050682744652,-2.5747822049864437,3.051572310485776,7.8721104125119306,0,1
4,-0.636382402368295,-12.711889124469629,-6.839040215748553,0.029506521990187606,-5.122391180765463,-4.343450914306596,-0.12924270506594598,-0.6802579792363028,7.564339092383807,0.8354367730561083,-8.820775604120367,5.699895520538695,20.752127402903067,-3.7408939067472624,-8.91061280157712,-2.539699360330857,3.116666782069008,3.3537744491650328,0,1
1,0.46460072892681825,-11.883842467235356,-11.074124540057475,0.02326750221856773,-6.500398654984952,-4.378225330313642,0.05105704392468825,-1.238906795522325,3.687701345646411,0.18433789405374046,-10.101021334827337,-0.6242512871310926,18.892138993197033,-3.11113052371432,-12.201928382643288,-2.2766359588818594,0.1846747931043941,2.7924463846057,0,0
2,-2.0273583276960934,-12.39616360610405,-17.85470774135777,0.030573516432930575,-3.9754260842258473,-6.752425978492902,-0.04072295317786606,-1.62061673369767,5.477347296051564,-3.393627265459011,-9.983725305177108,-5.74006582687782,21.188798026102027,-3.8929504570536255,-10.097491827964307,-0.9645947321301017,4.164818325659697,3.2998268118313248,1,1
4,0.6356581680008182,-15.714412825682938,-11.03257499675757,0.0208362284018416,-6.935907234789187,-6.7461773973207295,-0.07000984648154188,-0.5715661483102958,2.716807618432257,-0.9227236751684808,-11.969796099999668,-2.1973982868177497,19.398712903033562,-2.6076682928674684,-3.820087157669074,-2.3792507083357406,-0.019594331895806394,2.043820187995979,0,1
2,-0.5117135728313758,-14.999771311299535,-15.6609323331366,0.02314740746943058,-10.241137556752147,-6.358995869178179,-0.050730390047833564,-0.9183979969061608,7.214711946035232,-3.72789350702788,-13.61186333687498,-4.0460380689039654,16.272746877909196,-3.798403522536388,-7.948853699857099,-1.227858278191689,2.999502487368292,3.6168740464191793,0,1
4,1.4666390797147633,-15.172870748211828,-10.560286036052059,0.018701629113852244,-2.9072951558640288,-5.938755482160311,-0.09795444153519764,-2.369242184491301,2.850535557390745,-4.6836766302667225,-12.984373901689104,-2.512962956153829,19.79162859131114,-2.103547920841937,-2.0570931729124586,-2.9187907614652198,2.5030512229535242,1.535615710331302,0,1
4,2.9017782450703047,-15.336938496596359,-8.922895104865328,0.03440946307819215,-6.575099856412904,-5.120465469360244,-0.07155261135450348,-1.868170024185949,2.6925554781099454,1.0201591744987215,-12.58620765263248,4.941970968394866,18.153639513419076,-4.623379710564222,-8.026027744529312,-3.566739000151297,2.8807941085346895,4.369046328535158,0,1
1,0.8003570024401716,-13.801225617475707,-11.929594796684736,0.020605294017138606,-5.672741951284831,-5.4123255322961645,-0.20664786198168822,-2.121633316676004,3.450318390924216,-3.3988567520326627,-8.081669509265332,-0.26193299735789405,17.55394828074089,-3.8406508669514423,-6.341569843929327,-2.0572633695821496,4.685942706031943,6.140658943679393,1,1
4,1.9979087971995706,-10.712581664013811,-12.217169615907176,0.0285527705703222,-7.625443446230175,-5.581625744866048,-0.028647495971562697,-1.2494494764759891,5.097913679952216,-6.432175960711466,-10.474715522914732,-2.8289294970401353,16.183190646353903,-3.709948153513569,-4.855378111932462,-1.517450787371682,2.329496407079935,4.363020256067744,0,1
1,-0.8933778756986677,-12.341950909394658,-9.176426545414628,0.017926445871559386,-6.382007381827571,-3.5731209190195212,-0.28846924537501156,-2.0500530969117494,4.357396947639021,0.6122046876450173,-9.052802697430645,-2.8287553941460404,22.174272760679706,-2.970251920545648,-12.723063309326962,-2.200930250001287,4.248709572569539,2.755256290782527,0,1
3,2.0810513644364583,-13.854196197945742,-8.052867295924772,0.023133262185218544,-10.276318225698224,-3.0139809268347975,-0.06439280094837516,-1.6350132340114492,8.983677085932364,-2.341788814583233,-12.981700751571747,1.461852779705576,21.82103983167103,-4.523456546333055,-11.313084632863387,-1.3814181538266417,4.208454800375759,2.63324324881726,0,1
3,1.4260598306763435,-12.304016508324407,-11.00782254416275,0.025506748980788602,-6.17516520718793,-5.551139146518354,-0.11709884702204526,-0.7193781618728115,3.9812821000145835,-3.1974432038432274,-11.08373895192937,-0.24113566786521828,18.289228383718548,-2.895461617994551,-4.314151243559817,-2.57951635922114,0.9508572313199342,3.4756426865139716,0,1
2,3.497474219252139,-14.122997573203872,-15.363046425985006,0.020657463954223177,-4.387637268519795,-7.316576747591126,-0.16723027267044138,-0.9923608336995167,3.9249576192105398,-3.782118872316699,-12.918022382703457,2.731625667409212,22.017911580015735,-3.965542536380339,-5.473703378377992,-2.583822996160173,2.7461028893557646,1.3277365751067487,0,1
4,-2.2054441695348395,-12.063074047363205,-6.01410767331713,0.023036392140345602,-5.688796564655562,-4.010366500333591,-0.006723860220643886,-0.6820305001719981,4.477040428354493,-0.3580355537763139,-10.948985839811126,-3.012453098209372,16.84078929162806,-3.848257337776756,-6.6673936842263615,-3.38777639623974,7.557769104689746,-0.9582150444587085,0,1
4,-0.4967561445970383,-12.255308767719683,-10.722953759205266,0.023378222771792308,-9.572831255862221,-5.763027503475647,-0.2204490143213807,-2.1232243050277875,2.364545782058885,-1.5530241416299875,-11.895810250102747,-5.3666542978598795,17.2961147490946,-3.4569022605214506,-6.110975584736852,-4.310448649036337,1.050724480958021,8.06350402429878,0,1
4,-0.1367532190994604,-10.106730482684435,-12.599210779437543,0.02397901250808794,-9.493132394028004,-7.18141871282309,-0.06881719794788578,-1.9728579907126262,6.631566586366392,-4.535992872192744,-10.229966269364468,-6.386396923038263,16.196190362708016,-4.992209552579718,0.14581598554584457,-1.5367262796346908,3.6540961502794973,3.2641548022304203,0,0
4,-1.5444342767690957,-13.647860359576109,-10.083281867773973,0.030328941991456637,-6.029670625530157,-5.405811515140338,-0.2188970138085694,-1.6900957000132661,3.8125277454842275,-0.8671029519147291,-11.416926752303414,2.768676247688128,19.773637040471836,-4.772372511282277,-6.682461928165742,-1.3531991366298168,7.375450523947576,5.198145952242638,0,1
3,2.8561908938565552,-12.720612647603321,-12.7761903547008,0.02995479967137224,-6.296161548564019,-5.844515842546752,0.03677666605913382,-0.46776334761343064,4.033772559533461,-0.8071895800252361,-12.988781394416666,-4.103504511162138,17.558825415297388,-4.662538409798725,-8.069479903039324,-2.7224652030781695,3.473663939409586,3.381625504520001,0,1
2,0.6824567579947354,-16.323387943465775,-11.404710687945638,0.02631141260259175,-6.100831344681943,-5.632033767604588,0.0046722350042365905,-1.751811246590429,2.63480880945857,-2.478432307542093,-9.82134956516674,1.1086669981574002,20.71181593871271,-4.90357538164614,-3.799686183718729,-3.1840781764805626,4.642012151308742,4.164734770379706,0,1
4,-1.1383692229948128,-16.88377387096518,-8.638711832009465,0.024438257730352755,-7.6238334232197,-4.1085198534057845,-0.005458665126916042,-1.0652398196886042,5.6381978080801325,-0.6264243913651084,-13.492944330149449,3.129661299103687,17.84628754518631,-3.425076509649682,-7.803641220839585,-4.200437542717794,2.818861154479727,2.640719430842558,0,1
4,1.5421720761364328,-10.858813198812124,-10.766422761532333,0.024870055770142112,-7.273233902657802,-4.820582071733299,-0.011683186212831015,-1.0841103266728518,3.986584005626364,-1.97414523671193,-10.656127086242819,-1.3330484216182448,20.367166605837358,-3.951184546345867,-8.825296265551843,-2.4496840077934445,3.5603368376630375,4.230958446218101,0,1
1,5.988672437002215,-10.461507568148114,-14.840814365233832,0.02277722423807438,-6.211231053043185,-5.941847496947968,-0.15119913031098348,-0.5726911120029287,2.7004853698936886,-5.400652698146326,-10.579648430936526,-0.2827034338166293,16.55724407218916,-4.09902228306727,-7.9495016645068866,-2.8861638666918648,3.33627853990067,1.581630611373589,0,1
2,-3.006085874119279,-17.028216821512657,-14.81582678318584,0.023001737885320513,-4.287388280530679,-6.9815400830391585,-0.18545831944012814,-0.6298252685230992,3.089243585741286,-4.87010477701427,-9.290539765964262,1.1223945158301067,19.729218886391692,-3.4997615342055584,-4.727683398659369,-4.581824755777009,4.627105611972877,3.163930687470286,0,1
2,-1.560635099655743,-16.15210208613648,-13.78147519374772,0.01224036536890167,-6.240901582475274,-6.830004303275321,-0.10732726204264925,-1.4013813931695025,3.1746629237746777,-3.0097278047857956,-8.831456415234664,-2.441123985650888,19.678515801856896,-2.134914252487194,-4.757505076401805,-2.658358704335518,4.418802805790289,3.2107046645970563,0,1
1,-0.050199428265529866,-12.785411205022397,-11.012389082062452,0.027288198985675232,-10.567726057928487,-6.4838856779752225,-0.2369635881654662,-1.3442738990845107,5.564630130153497,-3.3971749746065116,-13.62635960325984,2.110663047262662,17.925872406302915,-4.833297126627713,-0.08141304692490992,-2.925981550942454,2.9498237355733252,7.470935199677744,0,1
4,0.46771241305903466,-12.09704187266267,-13.854160367233447,0.019559923546429426,-5.568197370205988,-8.060230702589244,-0.18756138263990058,-0.7310317758955439,3.068631841966723,-1.2443851085450583,-10.240534351568517,-4.947438683107064,17.92583323905831,-3.7132629376053723,-2.840806415480407,-3.5681280635605535,1.694124051806127,2.2642153564452303,0,1
2,0.9519960273289636,-14.316954054154422,-14.824741553443157,0.02816616889061462,-7.500849306716131,-8.240700331291839,-0.17103947624923718,-0.5745487200340675,4.246439343634069,-0.8938035976060983,-11.696909422779376,-2.024244038952312,18.606054841358638,-3.070007014098828,-1.9122231335691553,-1.815832628773041,4.139358756633594,4.6981079976816345,0,1
3,-0.1925633832361302,-11.393114797845472,-15.366069298024836,0.02314885167891882,-6.256092387791508,-5.449961948038116,-0.34324560343775273,-0.4699051840554697,0.8993055859017824,-3.4595429811209786,-7.219261296520685,-5.216185444572866,18.282295819892507,-4.364531326213724,-12.481057395093133,-3.7040875816411933,4.794656269941398,0.9442252853691051,0,1
3,0.9222195965339532,-14.98402179849369,-16.50503879274288,0.024931272565950062,-8.56381341617562,-6.9127751252954335,-0.09992962404719277,0.20398549953648948,3.826740531603277,-3.848885888154959,-8.243326278759735,-3.4819040917504633,15.056321603976501,-4.969105407973473,-7.832567503209285,-3.180774756154238,4.729029755060043,2.491166244578294,0,1
2,4.974436462296566,-9.963502449841892,-14.287345399858495,0.025052357646030976,-4.525703437208422,-8.891560421749736,0.04391587137406102,-1.7051594441520999,2.9608919220953833,2.128440557113677,-9.39279081010457,-0.7690703060785331,22.395804185617976,-3.4104894520189872,0.17800851116865937,-2.438638262765186,2.312950043588348,6.746461719969762,0,1
1,-1.4549761700157555,-15.734096141593193,-12.201681633235864,0.030724555031057945,-5.832766475993863,-5.383550060486599,-0.06461034992878703,-0.6907471145332107,3.573785321608713,-1.7278710863079225,-9.686650190850141,0.46894427728840404,21.62665885440117,-2.6862723558733914,-10.046417514334207,-2.4868430792025755,1.899287593588796,4.31738120122647,0,1
3,-0.37581430746224376,-14.785528562553882,-8.608855922089719,0.025253024453167915,-9.539554364281914,-6.462697704914979,-0.15269618668926155,-1.230396362840295,3.245121056324392,-2.2740459194913947,-12.335903600474515,-4.44630040991807,15.055571174259276,-4.4164193519397745,-0.3208853931341151,-3.0358916401706018,4.993743830000089,1.994975183737412,1,1
2,-0.8268106484009305,-12.877370554964187,-16.560192547895976,0.0324740311538224,-6.071477568162255,-6.63749174125637,-0.13329282226845018,-1.1145687204419668,1.2517733163948028,-4.881080827685523,-12.406494178335189,1.699741750674351,12.113910762246311,-2.758852300774774,-6.181337808216761,-2.6695910835835694,1.1764652714870354,2.2532740318296915,0,1
2,-0.8717160369444217,-9.929403151181733,-17.342352211522762,0.02181889646441269,-6.1717972107672345,-6.1589603425237245,-0.32806293449534224,-0.48677366794695465,3.048234014891184,-4.279682648066299,-12.45169624319369,-2.530221884279265,15.602986557984998,-3.3877145729989353,-9.943249557197351,-1.8119259574613538,2.090499102393289,1.8660815388341976,0,1
4,-2.6746390720178117,-13.171787618236712,-10.20554175262883,0.029024996372627093,-6.380594283664659,-5.141198151919526,0.0010823626504073737,-0.9302196794168426,2.399321704506421,-4.480559676453816,-10.132493612145575,-3.956984288518922,22.09889827242674,-1.4835954102519275,-5.136975148061801,-2.57300888099547,1.8640046246421815,6.176170924435461,0,0
1,1.23464268662573,-13.927557706074298,-10.065377038458093,0.02622965713822635,-5.4152667405270165,-5.89342358534238,-0.16480601609122209,-1.8064913337558348,4.101836924782192,-1.1034003734119793,-9.716786977289793,0.1478244229242301,20.481001202160925,-4.59245880113936,-4.57303914762373,-1.3798212409312252,2.7677296394570643,7.804571967662657,0,1
1,-0.7491830388927678,-11.938563962904329,-9.23391507752778,0.025660596985733385,-5.467285221865534,-3.850875624870074,-0.09870723448384616,-0.6173006980221577,5.4618543671017274,-3.61066581221195,-10.984518720067113,-2.8273294572819525,18.80052015600239,-4.348346831665332,-9.131635438400968,-1.9906620179835488,2.1375003286374907,5.456869463330689,0,1
4,-0.32837419090569075,-12.516258059616254,-16.070720156380332,0.023081761585903818,-9.355367583101057,-7.194521401080085,-0.10707378810092415,-1.5691332220980545,2.581582875946774,-6.913787354684898,-8.275888805996695,-7.7253488655255795,23.020876572488834,-3.494013689945842,-1.9405514568658084,-2.409482984129469,1.373795094009411,5.5984560519278945,0,1
3,-2.2326227179449725,-13.478768677026324,-16.155875564905898,0.03038985091472527,-8.825743816506641,-6.040916316180812,-0.3587431418398858,-2.1480196789174966,2.6629952417351417,-6.319834682173384,-10.80521298843057,-7.176466538545971,20.017036117184333,-3.9782111359761916,-8.272923857658643,-2.7724088389020776,4.766178264478532,2.8243863163589,0,1
1,-3.030699282392868,-14.067292535503856,-10.366738614127136,0.026386425068477406,-8.589369622740483,-2.867970048784546,-0.07153088857004518,-1.914806304767895,7.481873080010251,-5.645288201794363,-8.171548874115482,-5.533501798113185,15.924107666014665,-2.6171076143685656,-11.005904257792656,-2.688912162693525,3.146574061470476,7.6557112107656025,0,0
4,0.8946458702568308,-14.556827040416566,-11.885677856581099,0.030406393489021473,-4.721114859083174,-6.9241772307308835,0.010600716171557242,-0.6289029779896027,5.1698582685069825,0.7379968671247168,-11.88000689297548,-1.723776698125974,19.379829487722617,-2.079399478364898,-3.803798276532881,-1.5854597196277964,8.279643757494007,2.934387684590736,1,1
4,1.8326319117673653,-14.012995366846413,-11.476005604305751,0.029643534102493808,-8.433935971406662,-6.856733592649022,-0.07296038130247547,-1.8094587237752173,4.896638751488319,-3.8771987628706563,-9.90500716154968,-6.856472036372935,19.64730108974405,-3.066255299049506,-0.4340864070501977,-2.802666361644751,3.50367793749189,2.6026213700571335,1,1
3,-2.5766232668918176,-12.489565120800325,-15.693705325250358,0.025452290786725378,-6.1611631622226515,-6.667187838623712,-0.17982917714662516,-0.846857175937422,3.0448403323552613,-3.038467820282291,-10.73885356305822,-4.243738333060702,18.98779635128965,-3.1928903659068935,-8.662666041081934,-3.166931969892914,0.43991399559645844,4.245968513315441,0,1
4,0.15296386384552024,-14.03813846382792,-12.314622356203863,0.021368018867161286,-5.751539074176745,-5.604747231601764,-0.03347994084402959,-0.9460719642289848,1.9485597882154064,-7.040734407886492,-8.30155114138004,-2.6552406289205264,14.630989410969944,-1.9611394349815603,-5.259658935803116,-0.8863963577671345,4.116448208814282,3.674157775632655,0,1
3,-0.03507025620771301,-12.58728808930331,-14.24486511501809,0.026456485614224437,-8.646198927653545,-7.690860504781862,0.1169497195363919,-1.925863333582197,2.4432914755253807,-4.335072980575607,-8.39567473358016,-1.0665577733654756,20.707574303068725,-5.3803962784845885,-1.7038750730698102,-1.3599807476572494,2.8879626615782668,4.306724789751688,1,1
3,-1.3628520264365842,-11.640864441349924,-13.594177164831452,0.02429564213255772,-9.343188803325795,-5.343545398375501,0.007458051607814402,-1.952168981968975,6.325958005006739,-3.6113744151160354,-11.177965593640803,-3.6899808780006804,18.51591932085367,-4.555735883509825,-8.875315211816554,-2.4256805927601133,4.078371296218226,5.064218038777415,0,1
4,-0.5082139128874215,-12.978598576680499,-15.181926297366058,0.018570546733456164,-6.887818543006408,-6.321070337220738,-0.1943262745567327,-0.3012065162516579,8.524739435254409,-6.042559234996557,-13.962509478381453,-2.6961672625289497,17.643778129198232,-3.79055558518871,-5.948883861487975,-1.7940065444421596,6.72073540423829,2.618925896177465,0,1
1,0.5330042118835512,-10.532248236015443,-10.829255117782203,0.024644525315915822,-7.103782589134832,-5.768145439940032,0.05649016681313526,-1.1374426990257605,5.710891240734739,0.9626496615986735,-12.345747974340387,-5.275810190100078,16.998501188126163,-4.184981939084869,-9.899649685511651,-2.05355980199057,3.323988047513713,2.745747776236093,1,1
4,1.561892005567599,-10.076915543063935,-14.123870841969126,0.021729707916237736,-7.5450807035194805,-6.397580834524675,-0.016586972417311264,-0.2993428669290239,2.81536308032294,-3.2257547952072105,-11.336676379649385,-7.410968156954024,21.508934433033605,-3.194438165939604,-4.319422845500317,-2.7547464846904157,3.196739226462711,9.536694263711418,0,1
3,-1.4888200079528833,-13.59611928943939,-15.972456242068564,0.03300935064389875,-9.833027143273151,-5.822609117492187,0.1266661831891862,-0.7718159563574499,2.316756955437363,-6.649683600301181,-12.274257711777091,-9.70516183309594,19.575866610626857,-1.2065066963152224,-7.694367548246734,-1.649288648684624,2.8981618259590483,2.290629370089059,0,1
4,-0.27284561994545214,-11.61288614089575,-14.506157476278537,0.029240588575418978,-9.17147344153201,-7.148055095812559,-0.0957773429560294,-0.5060185820178966,6.6885566543451525,-4.4041373675553395,-13.090545255704912,-3.681969737694375,16.293620267015132,-4.131856067314686,-3.040280263616569,-1.1800027797665487,1.9587127991823412,5.166469551788742,0,1
1,1.7317101261445487,-13.959041257087055,-10.569223150827957,0.023532179915131266,-6.452483492109618,-6.660340346406679,-0.03788293904054595,-0.5287053070940747,5.2142777177732675,-3.6409183798439386,-10.972067876501109,1.2342982930991033,18.01613864703368,-3.9762202367986057,-2.155453414031741,-2.6458253543411434,5.177578494212023,8.147416398236613,0,1
3,1.2343077928019404,-9.912783878193206,-12.598498755255928,0.028972835462872375,-6.088439647461973,-6.3018695813497345,-0.012347579147826717,-0.4272018140024441,4.711449999296963,-4.426052750208132,-11.290433034832205,1.1627669646099532,17.586935336370935,-4.858412662942728,-4.656201090376512,-2.8727843510625766,3.2223675296514878,4.574133731161254,0,1
3,0.8693207403877192,-12.118677698307458,-15.780062738310567,0.02472866096389245,-9.089403158358527,-6.2315902885477135,0.1363419879711802,-1.4299463317546877,7.459019141245243,-1.0561372478235844,-12.162858647469571,-5.993672729442859,21.556706228721104,-3.085963955070466,-12.156805955722948,-2.599043213017881,1.5134441596819368,-0.014466497895269215,0,1
2,1.999092205662476,-15.417837303182111,-18.01496374384813,0.027628909574064508,-6.761720924463763,-7.17302037475776,-0.11983275753412692,-0.24475759531950492,4.943754315761286,-5.68784362814523,-11.982101193402558,2.365003465446903,20.787507149757054,-2.765350118335397,-5.741814255769406,-2.792651034152532,2.52039300603727,1.1629867354637897,0,1
2,-3.3788585996301492,-14.33977706641125,-13.929501288172466,0.02476135514573402,-8.691642682582236,-8.208502257951418,-0.03710480804224054,-1.3607485570522808,5.237260147679459,0.828763018279464,-10.440318498544825,-1.1368798926300188,22.49403970148325,-4.793622768937418,-3.32049063972173,-2.7389347765073877,3.949164408220048,4.074477255568949,0,1
4,-2.6738197164322055,-12.207358140776982,-12.64426986640929,0.021035215981867725,-5.180064678975088,-5.923946707442795,0.016143577071917548,-1.1628111128405618,2.8620862223825427,-3.9729427185182207,-12.856539050762892,-2.756470479112502,19.098781568518064,-3.938900105802052,-4.735427251639392,-1.843031803543421,0.6772234587491324,3.5380709712527207,0,1
1,2.1484173614287907,-10.921113558370886,-12.310920630669086,0.02775165465288911,-7.603576272192338,-5.024135312494207,-0.028040950844507792,-1.315714617545846,5.582766397917369,-6.117920495023463,-7.768346717199904,-0.2775751828782974,16.744035742395905,-4.032031963897803,-7.077221197743696,-2.2176974612624365,3.1438157263072743,5.6947543351245065,0,1
4,-1.839422102763899,-14.703456452265117,-8.954908069817348,0.02667074779088563,-6.59249468747844,-4.973358337236585,-0.26177222666025196,-1.2977915786658794,5.558494453462496,-1.2807596894314832,-9.946977663668726,-0.7954882525622422,17.791740415333106,-3.361426730892715,-5.277605046399239,-2.6450040727432023,3.3826491218862476,2.979809948395559,1,0
2,1.1960571567485976,-17.157687289020835,-15.27313523562361,0.03155727152334228,-7.373664761349822,-6.286366072241757,-0.016159203980374102,-0.8260597733923551,2.600652283430712,-4.62179207958733,-5.913515698804474,2.256766806100201,18.045389858570633,-3.248071946445216,-5.088367626946818,-2.515664194048332,5.834346117674154,2.5741349262501574,0,1
4,-2.0144188325809638,-12.491843207840237,-13.617414155720633,0.02135776630633827,-7.551608706475813,-6.806242106732837,-0.0794162201968774,0.4201651495053439,2.6172635847433967,-2.0419533183318537,-9.943132781841959,-0.6193389272210289,19.66496239256536,-5.061036057935717,-3.2391085426081654,-3.537159320255012,5.866598958902835,3.0585717864543462,0,1
1,1.8345334811953786,-12.510032420627278,-10.813742382556235,0.029885658407932888,-2.7706348732254455,-4.8919010839735115,0.0748041700745373,-1.8843530244563014,5.882318005590324,1.2588401147403017,-12.529376932490766,-1.2304108016238207,17.151413344099733,-4.4026899695856265,-10.15693593902366,-1.6442931204605584,5.106643107470963,1.0891188851668485,0,1
1,-1.7847908632879752,-14.825704769198934,-8.947818532868798,0.028226379169333012,-5.94624482893387,-4.013653936334921,-0.19219761240488475,-0.428504287790342,2.3419410047003133,-2.3669928664537205,-11.436123283938565,-0.48964419083374777,19.675205485637612,-3.726283931758371,-13.059809301687546,-3.187165426002339,5.307316592169262,5.24119936726492,0,1
2,0.8128315384363474,-14.057833657440447,-15.94296453217407,0.028550090123747485,-7.091195484779062,-7.789278507579569,-0.11350455895600264,-1.1828842726973445,2.7162349224392295,0.6515622212367631,-13.805698527799713,-6.014171903698203,20.773144165814156,-3.0405136045054295,-6.824629334976394,-1.9886967724823084,0.873987534499311,2.5610039103743487,0,1
3,-2.316537050516786,-12.810194515770094,-16.86214552675642,0.030778997105899923,-5.578750096831817,-6.438859678324876,-0.2064033066115724,-1.3532703573098717,2.581223817030623,-4.217253794828567,-8.612397206613968,-6.769001756312887,19.936113290199156,-4.905439831963114,-8.023173119173684,-2.394514472310955,3.4029240170690525,0.051704160805724264,0,1
1,-3.6645605578721487,-14.87054165272402,-12.043396596488739,0.025650415471314882,-6.251849969067653,-5.786158439868247,0.0030512676923194677,-0.6895714661090202,7.704474265192356,-1.5557265948131742,-10.009399623264077,-5.208292952160376,16.166288385002154,-4.426733767873588,-7.842452554118179,-1.2669632475968826,3.075726822790631,4.982182096457569,0,1
1,-0.5855856223329374,-12.577904074333045,-11.692745522176576,0.016928329054623943,-6.304990899212363,-6.5739689709219755,-0.20040365915555633,-2.145985850395233,0.8057182618934773,-2.0986447473541716,-11.933167070579778,-2.267164745349828,17.6628946266963,-4.359992697807624,-4.480600630208355,-1.9785922977043253,5.7833871037961435,3.2805535180947487,0,1
2,0.9041433807835071,-12.255377307423418,-17.505048560633245,0.017871639032027275,-8.05826487110548,-8.405477813955873,-0.14953784764609793,-0.9342704876498993,3.725346889181179,1.9345024131478057,-9.264491632336654,-7.819773994612788,17.96644690134491,-5.784636064147831,-7.606691992562131,-2.180930679684831,2.7925025696515284,2.063811073115071,0,1
2,-0.4853342577160734,-15.372334679221245,-10.40669639048088,0.02083368514607547,-3.8223620090097494,-6.467961767018537,-0.028184838569387347,-1.85748711931849,1.7103894023085837,-2.4213761058923975,-8.953017833318514,8.74477872426581,22.344408023881744,-0.750573678202006,-2.00647776510521,-2.8732183391867188,1.7992143111175112,4.182902228733766,0,1
3,1.4171366832911363,-13.939964678523632,-15.266106630911317,0.029689820259542928,-7.061190619340114,-6.581644999804771,-0.08473342668294705,-1.0536193069289208,2.7120513871728136,-1.1647928876576024,-14.153418559016842,-0.774385421925602,16.58991154147627,-2.9788384753004737,-8.69844681325729,-2.947478325120422,3.8964687210253364,3.159673782924389,0,1
3,-0.055084180930323245,-13.608417067093598,-10.415584114517344,0.02164835431518841,-4.730710954479875,-4.070586934028343,-0.159763766250344,-0.20625897010971989,-0.41577131641105514,-4.580525229904547,-8.560958807137709,-2.618199961399121,16.76801476150238,-4.174803584313535,-11.709000626779751,-2.900111231814502,5.087230498459983,5.235178724870841,0,1
4,-1.7197270618265295,-11.315372103876351,-7.825681292203569,0.028752626074628675,-9.34288737259682,-4.779421162583514,-0.4322989374098345,-1.9211349318271025,4.136485324988526,2.444280955580497,-10.004099347330152,-6.827022362848696,19.397390889720693,-2.471002656965145,-7.409925960829272,-2.188667506274585,2.1998259541326872,5.273568506553844,0,1
1,1.2307023648466817,-14.835117770508369,-11.044180509164415,0.030927180930229017,-7.343512836945815,-4.962819272456465,-0.0880037867263722,-0.8944380928466306,1.2147687878595772,-3.4282880009945225,-9.47977078122599,-3.095938016455263,19.44393277378729,-4.682860985390086,-6.7618195605301405,-2.5162102885241575,5.1050957247642135,5.278989385849302,0,1
1,-1.7643867381383496,-11.55385777083907,-15.653984984529403,0.029447506419036762,-8.929867712183428,-5.94793842310944,-0.17229955036765215,-0.6769795403322387,4.5733854988007,-3.3208197604530447,-12.947827925587609,-2.827246659967389,16.51564235306637,-3.9759252136079186,-8.648238611409267,-2.925537664745968,4.672117453773864,5.182060231996346,0,1
3,-0.5364535282305423,-14.308273035255318,-14.518161243938124,0.024195815640470332,-6.701989340591168,-5.196233978388456,-0.09508605812922238,-1.9415999097210546,6.178840063201275,-4.92002644754944,-11.0373262201591,-5.320260143062281,20.381537762401667,-3.224921879659539,-8.350128859270361,-1.3167963695850533,3.47181337271601,3.431505676394587,0,1
4,1.2589121228663906,-11.644399641645634,-9.934199441473565,0.029363820236591693,-6.680952479246415,-6.116968870289296,-0.035185327757004926,-0.8606667299281382,3.69366666468389,0.7843714926969383,-8.0652660015649,-8.532359936772783,22.943968566523512,-3.8159557860750293,-4.759929528603371,-1.9500574056604372,4.209403865706527,6.9691051661753916,0,1
4,0.5619575993067393,-11.566550030890467,-14.087097295909015,0.0161540928290072,-4.3985744914810345,-7.81757308463267,-0.09550821873113859,-0.8767609521074544,1.1906006332969237,0.6994233733798689,-11.267047281566883,2.209544747603332,17.61175949849429,-3.9475845361881094,-3.3307197517814005,-3.08226796842005,2.263590750808841,6.104334290169349,0,1
3,0.5810775028640534,-12.31489304982036,-12.972636689644675,0.030523752890388993,-6.989756736342583,-6.151491046460307,-0.030480534487933905,-1.7276414911244014,3.1924260467572347,-4.135981009420816,-11.311395812885994,-1.1636515323364243,20.799134522447044,-4.4189467948929515,-6.5238961393151005,-0.5628429723809127,3.6438415911732034,2.327791113859792,0,1
4,0.8832407285315218,-12.839369201636922,-14.478281626426783,0.02417737765953355,-9.047938811648633,-7.869229084101627,-0.12753871794066265,-1.3669226179196234,7.2347186061028435,-2.603030306810466,-9.988871508134732,-3.405850282605272,19.850510957893682,-4.165465087692951,-2.9915270165140484,-0.8936802293571473,5.874038180853403,5.086362160109862,0,1
3,-3.1916300890424925,-12.241880038261858,-5.9373144256302215,0.014969280289004886,-10.447313705279846,-4.944212737533396,-0.08083439266067141,-1.1934767091371175,5.8488109477755135,-2.068779888169841,-12.346766054004261,-1.3470207130942444,18.0263323207709,-4.298049030807085,-2.5031873600306573,-1.7121772670208493,1.1110436549293186,4.021811426627451,0,1
2,1.6293227815668245,-14.443217801293672,-15.108343841939694,0.02454291539546231,-8.350573089378058,-6.016407548233422,0.10964994724087174,-1.508416860488765,3.577528217009469,-4.815110283333861,-11.662733037898068,-2.307361751161531,15.037872610529188,-2.3860089796112387,-7.783666481374651,-2.728751046162813,2.32220131693217,3.202496353995018,0,0
2,0.01707239893579124,-12.484116845398885,-18.374583468031773,0.02792517027101397,-7.518812406162439,-8.691206018032892,0.016911617621134717,-1.8332750313699206,3.885366383868115,0.6370443426568824,-9.19396171769228,-4.494368928875931,18.820487788615328,-2.545033993666236,-6.430068859064418,-3.6394552700725225,4.862592863179849,3.326830527607978,0,1
1,1.7626442289728397,-12.420824407717104,-11.819422096721114,0.011244773034170616,-6.765968609066664,-6.577938892475048,-0.12509083690768186,0.5913867028323136,3.1140216943737946,-3.2564653302640685,-11.723680803205372,1.181323349110395,15.513845772615483,-4.442638919915646,-2.0981391964503153,-2.936343941513532,-0.07456201678504965,7.2311045184683325,0,1
1,-0.1317266900456498,-11.476854350025643,-13.210441731021458,0.016487017471844365,-4.890790744434414,-5.1152131234739056,-0.08333580390076872,0.2528317364859374,3.1666775778152956,-5.817254048210579,-14.881566047729013,-0.29283895876980864,17.692845208541943,-4.348618222466473,-6.104084582694828,-3.111584569080612,6.3299423909550905,6.43204462901006,0,0
2,-0.5017085228095888,-12.32031317499046,-13.00212964965533,0.02238470148976214,-6.033358516105054,-6.556897179452459,0.012354238009961703,-1.362901986005682,5.092330800321669,-1.0472405640079365,-8.698451722782432,-2.405269434758271,17.8499839508476,-5.235215558201823,-5.748984441500452,-3.003058886926906,4.366455656529825,3.682824396884862,0,1
2,2.5937147628574273,-11.644007567717356,-11.273304004695202,0.023030785875166562,-3.9804336558003266,-7.49667318062511,0.04218083376046525,-1.0934667007705647,2.7567074036496235,-3.4350075539734948,-10.612081017732832,-4.073168847271567,20.70820517459103,-4.6601766188136695,-0.7765017509736969,-3.28473065636828,4.229543669285364,6.161664437866542,0,1
1,-0.5740356352426611,-11.956908080813923,-9.278455994165922,0.03318614664876715,-7.541356015956086,-4.992574228571294,-0.06122316798584204,-1.0709752782241537,3.7219420747477807,-3.7594069627632596,-8.696003542422206,-0.9829949845208138,16.199074774090786,-2.5956501334677995,-5.470941649987065,-2.533661994869982,5.349054458372016,6.799481569635712,1,1
3,-0.5825024943035868,-13.650627122011816,-13.213549775998915,0.025877136507855083,-4.037013831600142,-4.6344223729042895,-0.06470143651518037,-1.9459399185532462,1.5845457891618886,-5.081149050680888,-10.454470707463322,1.3641851028655934,19.539149357158063,-4.512171716302593,-8.160217746885733,-2.132073575484481,1.4569036806182152,2.3882820097323014,0,0
2,1.7770891725460305,-12.895334251165771,-9.725413178602142,0.022251425645447433,-6.899000617458657,-6.441345663769686,0.019845923463945266,-1.204421271137253,2.3554062350425204,-0.07782428054587065,-8.355284863444544,0.16058614857922388,16.337810180103048,-4.156385725400978,-1.6655822753961076,-2.9382201991748635,4.375637694146331,7.684711086821546,0,1
4,-0.4464068789157373,-15.482791089311391,-14.26734067281795,0.019346488843751442,-6.0773556920561,-4.864828138362158,0.07376214932254091,-2.132359834296482,3.202369639208312,-5.446474644464062,-14.130451087454746,-5.898220840663155,21.773480090526544,-3.059959021933197,-11.079524367394079,-2.942899912119792,5.53930383207095,5.44171459414694,0,1
2,1.7134186859808231,-14.287733928938918,-11.341944462529334,0.025293710356849467,-8.923474726776492,-6.607174201494926,-0.058165305183901554,-1.0976654878421055,6.094422365450083,-2.8920068181279577,-10.348282407430046,2.105790253149431,16.025931304257742,-3.1483429719537757,-2.341152614992043,-2.838196386025252,3.5077512657324466,6.31905797473834,0,1
2,-0.3448194945702382,-14.490551824154817,-13.717533584312802,0.027669524902005426,-6.317679533868304,-6.633506075153169,-0.16167651493342783,-0.0056493990188988125,5.065933662265719,-3.586420135887128,-11.993512180171802,-2.769232774829804,18.354899922066043,-4.545277152329861,-3.8444255757215666,-3.264044991951932,4.7103604225751186,5.407251935668408,0,1
3,-3.4114942290409496,-12.895089687298892,-13.362971027230117,0.016211055194464134,-5.609058940823113,-6.055231104610911,-0.16376605852975584,-2.009624413891584,4.042912378657689,-0.8068252378513536,-11.113235498034046,1.3052776570981228,18.651091468473982,-2.5945188684403706,-9.596080782513493,-2.7860524079112565,3.741341259900631,4.23866724391853,0,1
3,-0.8260760789037533,-13.384607337935343,-16.019528745528643,0.0382830439559992,-10.602522875989214,-6.531182571640417,-0.25105638731633045,-0.7778449585539743,8.279148703864198,-4.821465695897184,-7.009733833639208,-2.2262267655314947,17.607179957825768,-3.606973064929736,-5.71564531804305,-3.293806662983865,3.190946438666843,1.378289608963524,0,1
3,4.103004627001552,-11.597453245242722,-15.477798257161027,0.022097846646334074,-7.900098899420472,-6.168614999211249,-0.22762344571737428,-0.9513045739485979,3.7946862789094786,-1.0068712923704348,-13.332587232237275,-2.9890894176039113,19.952625941075397,-2.6361861731708447,-10.560824865645053,-3.8230214523453863,3.011306953977913,1.765468947221695,0,1
2,-0.6564468811869211,-11.309281840820598,-12.805563464274035,0.020070948221916997,-3.4174104453916763,-6.703093976210774,-0.16779842504352102,-0.7917273444657673,4.440850934328156,-5.09127990180026,-10.413669888898363,5.807324272949714,22.08874894000938,-3.321089110693019,-2.6958880559490033,-2.3655462386280783,2.1424161388384473,3.8796415232053123,0,1
1,-0.3853530173009021,-14.192864080257335,-10.25285981290154,0.02885380871537787,-11.802927092876475,-4.845675207862996,-0.16748283850242277,-2.1506134430905828,5.331634200816394,-4.5793133309069445,-8.658680148770825,1.2615367843971077,19.20027581527124,-5.083351461981183,-4.4845599978740145,-2.1154549050894143,4.191388288506077,5.153830745365014,1,1
1,2.695541857883914,-12.61620234172716,-11.323642323165608,0.0264665752197528,-9.112488971707222,-7.27819336175082,-0.18174671046874855,-2.9974242248918004,3.986583668821794,-0.3484868294336591,-10.570513848480537,4.218766126892649,15.7913891755434,-2.6058018222185604,-2.4617804078060934,-1.1131235037677165,1.794444097920348,9.062577238574534,0,0
2,3.0317428616149122,-13.595729993143607,-14.932865371675582,0.02304870791440607,-4.063175831868803,-8.565626762005653,-0.4345640598892926,-1.1883406750680954,3.0987885707643166,-1.3669085551992375,-10.566483014720838,-4.0457394278264,19.739645674440393,-4.6439556552395445,-2.184862900265431,-3.1581850123271726,3.71003087625899,4.616319167523331,0,1
3,0.09793896095548887,-14.495191314110365,-8.965273095494169,0.018851389277149442,-6.601982645030113,-4.792203110082078,-0.05928934886478644,-1.8037011183507028,8.543543661337875,-4.319655865353061,-10.552632527049683,-0.76573859781448,16.2435517488822,-3.2789803493243457,-4.7767354381475435,-2.9090193596235014,5.487594286108341,3.223745668198504,0,1
3,-1.5150049659796825,-16.37278476788292,-12.098927557114157,0.020660882110927217,-6.402689123300869,-5.084884451404104,0.027045634489304752,-1.2338885728342601,1.8319645646657363,-4.337068601883372,-11.234632705536583,-0.6334763535726089,19.40558186002738,-3.8676719202435574,-6.14272670213558,-1.4787881481229597,6.446587497472663,1.2341809411881859,0,1
4,1.511253925542573,-11.989035480411896,-12.465231692698413,0.030759471820130592,-6.128497423033042,-6.733353506377443,-0.2400648921656679,-0.9076561202260154,3.221939108398022,1.3777543480489172,-9.059259246284096,4.001393685565384,18.240590463123926,-3.550006738834016,-8.111238605154336,-2.8051646491381854,0.5181585795094051,4.074149297216865,0,1
4,-0.548780385889315,-13.95587549493886,-13.70021397713219,0.02943976356964681,-6.142754723887515,-7.64852585396889,-0.20496066716567132,-1.5760634667685645,6.781257388681126,0.9280711252295897,-11.540277626642816,3.431203823398376,17.675292587875898,-3.996504876142461,-5.670876202212668,-3.8715302236429605,-0.5657968866957264,6.222004730898588,0,1
3,-2.9729980203165676,-12.103403885023708,-7.241058442317536,0.021599806555507653,-11.282724393173163,-4.535897694327506,-0.16217047144235638,-1.0558721613115731,5.991983314922916,-2.618574345303019,-11.484523479916177,2.9062168746022565,20.910334217487026,-3.1209740551324194,-3.9175414719387613,-2.9629761453788483,2.768643112860475,6.414427089850469,0,1
4,3.268508071372705,-12.758874429347658,-6.101153951178001,0.020394543450163952,-6.271583682180676,-2.8056754018241654,-0.056793168215614406,-1.6626102936354645,4.677697594045632,-0.12474230148186394,-10.449117726572396,1.8062835756013753,20.9850712254756,-2.833829872646722,-10.91533841392595,-3.03505699463729,3.5524079039770786,2.558306208597706,0,1
4,3.7941047113957524,-12.627615531418714,-14.550413149989877,0.030610316519696153,-6.704163100357333,-5.086092094763797,-0.039716892132482605,-1.2848087172148432,3.899817985649675,-4.7625530021150535,-11.549232391356947,-2.5430208773621668,17.443973810105835,-3.5282188177473435,-9.54740151169276,-3.405500439565574,5.400754221063204,6.841851699806857,0,1
2,-0.13542778982564208,-14.198024961074815,-14.608869110022763,0.028184729596173658,-1.7880505818421022,-7.537321117637688,-0.18348091492217514,-0.595419106731392,3.3251850271816723,0.6415832248244344,-8.27276238010938,-2.4343788360500387,17.06189263936369,-4.876331763646658,-6.967847434263162,-3.7122814129865938,5.272461544498742,3.094085237997518,0,1
3,-3.9362509746018235,-12.397159939720368,-13.513672349868841,0.027283132233626366,-7.692969565195777,-6.795072140209617,0.02559540214252162,-0.8522204858761039,5.3360515168867435,2.7037633097385267,-14.227566454983949,-2.6745956289177064,19.148428502286183,-5.10532651504647,-6.539739644639349,-3.3269971985495066,0.6336574382048117,4.244294220521699,0,0
3,-3.3945294382135414,-13.785627976891842,-11.07699019230316,0.026839024887666558,-4.098353984224217,-4.372270427849449,-0.08325314384833399,-0.7778113670885753,2.6107094173128607,-2.8099467818234394,-13.071756091764556,-1.5739364466476098,20.046933590445057,-2.3720893169256665,-10.331240396021691,-3.1242009459122766,1.14916854609562,-0.9021641491362076,1,1
3,-0.6215795623608891,-12.46020110497058,-10.377975838702685,0.020636155733941033,-7.285692845878615,-3.0681359686794876,-0.07605005737501355,-0.8306580974073479,5.482307403837916,-2.5778489456291465,-14.899512055248838,2.492138466048582,17.570696796358604,-2.0995151317736527,-12.35964476142156,-2.919674373764657,2.6937095973028997,4.472384791990954,0,0
3,-2.2142206251528833,-11.957741548787155,-16.16352958062204,0.018941128438869276,-9.627740309483057,-6.810262925291405,-0.05733250952171332,-2.2019300224963563,4.926376330490883,-3.3156780172283793,-10.940452633165977,-1.7659428393611707,18.255336683978598,-2.2096118989684004,-8.339638065836565,-2.2160076296317377,1.610517963290067,5.35206609951436,0,1
1,3.9565664666851013,-12.178420508941171,-6.568755635486807,0.018279600188308633,-5.838155787793323,-4.266081009766652,-0.05918090186311334,-0.855569894720021,5.954136296152411,-2.9783451091738558,-13.044541659073237,-0.16632883758109462,23.034165849981886,-2.4109280534153466,-6.351327613253768,-3.892928628946437,3.030821113511322,2.1392468750357936,0,1
1,1.534417507455828,-14.646297231391795,-10.241608411247112,0.026747867460029454,-10.131689807490861,-4.77973527745289,0.0029989299502313493,-0.8241054300589448,4.718932603470325,-2.1340126006644926,-7.628295966096546,-2.9487583423909105,18.99396230713206,-3.252103649990415,-9.362813580398667,-2.639406983268069,3.7718375766742644,4.500297765470898,0,1
1,-1.5733334055463721,-14.344816034708183,-14.397482230290812,0.03232783505703925,-6.857349979686988,-5.658147127831084,-0.03928589597400797,-0.41540231686882334,5.120461556858243,-5.171205363853823,-12.091584551271305,-4.109316019944145,15.36897214678015,-3.012556555194261,-8.017568190895545,-2.4089712275110386,1.2118473846935496,4.727248707176313,0,1
1,-1.9410919244890452,-14.065064355531419,-11.865895965640682,0.029980373908284168,-5.80180866586555,-4.7321899499530256,-0.04693293955377828,0.3084037069711969,3.18502524593885,-5.274920556275439,-10.457758775118839,0.23399591809701448,19.330699819106098,-3.1303127702811353,-7.66192436715708,-4.5738236605836855,1.0886926821992557,4.4545505380627635,0,1
2,0.1113173876654725,-13.101553637481448,-17.100034325739262,0.0245712800983592,-9.166635612581228,-6.92832390020539,-0.13510146108063964,-0.332284938665195,3.2826970909751307,-2.6576088622290293,-7.083719916349702,-0.937082375772148,17.539453491605713,-2.1878487476588706,-6.384404219891015,-2.4015041127177534,3.1801321974218713,2.076026574729772,0,1
1,3.9566406532093303,-12.27541269089735,-10.649974309979918,0.029625204127520375,-6.488870897205821,-4.93233814474156,0.04688341296427842,-0.40622446004887514,2.8976446220109615,-0.8850016937505493,-12.465999092473167,-4.457407680642902,19.565396736794057,-5.315112442991905,-10.001567604932076,-2.259091323254805,1.4239820026165892,3.857187975590941,0,1
4,5.261819419822385,-11.943772287329228,-8.092607833324843,0.02448564282642261,-10.526375386678724,-4.748473242444306,0.05459027767835824,-1.383732254072542,3.184404209499493,-0.9214153048306466,-10.19761559861944,-1.2956479712701423,19.22141018256816,-2.8005981456977747,-6.234576392812385,-3.292314844458081,3.581368680678138,0.7916402427641092,1,1
4,1.2053729999818619,-14.044462768876809,-8.739283410162328,0.027058462086805873,-10.590541176584978,-5.987167912573606,-0.17349679681620517,-2.410420957880114,4.076504288022471,-5.0453254969947725,-11.512246807295746,-4.440264730979689,18.30287543950048,-4.998226811830166,1.1638263892061036,-2.1281025171440957,4.224378969512657,-1.0655075116709445,1,1
2,2.320526997667249,-12.131431923982811,-16.297755591153923,0.015538382738784702,-6.940633415988144,-6.784273561304088,-0.09043432120012869,-0.802412716180528,5.880058961869038,-3.537858972626143,-9.414070487333609,-3.6166816205681234,16.020517681951702,-2.0878030360448268,-7.3826263267451395,-3.2348369704647424,4.686354342916166,2.993353527678881,0,1
3,-1.0463813001004394,-15.111148879831052,-10.768277892373078,0.025563313552216183,-5.934931678514545,-6.328361005964426,0.15334998129318334,-2.0040633152841845,3.5655911990241065,-3.2966891427943112,-11.405654816170829,-1.721923647559204,21.305677449797273,-3.6789570949596038,-1.112579861096231,-3.728146467428511,4.394140176036904,4.816336377388529,0,1
2,1.0841772114631458,-14.635202680977581,-10.462620097246825,0.021413261166415364,-9.010713711190938,-8.250416679656444,-0.05170106260226968,-0.752506981195936,4.081288987992712,0.03223251141877065,-8.018441796242584,-5.980832331549518,20.391909547141918,-3.5970236675844705,0.6030216490723218,-3.17316647216058,3.92155015387911,6.33323108765305,0,1
2,-2.8077555244912333,-13.499280030995793,-15.681660340546891,0.017261895522617986,-5.627233271120123,-9.224939958585194,-0.17817181228148113,0.5394167636981875,4.948845652098357,-0.15803661966542826,-10.034719015521295,0.1406981397048414,21.776723207345107,-4.449565455813306,-1.3114560747147574,-0.9314967501938469,3.476331534405233,5.668570680594017,0,1
4,-1.1369177942234545,-11.113202297672457,-10.163696268878521,0.02506726538469329,-7.92293361972488,-5.716707817802292,-0.027289864310278585,-2.5575719746997945,5.568422486563881,-5.616556062744607,-8.02859964456077,-4.905613466305336,16.976435229608885,-4.5498530037861515,-2.524458444602505,-2.606986150624555,3.9492534360181724,3.0846378601683186,0,1
1,-1.6833841397690597,-12.837996801238072,-14.143955748568994,0.021516458556717306,-6.344017462476228,-6.008928773512376,-0.07565159542611144,-1.1543526294280393,3.6663690956013437,-2.1074222561968914,-12.950094306663377,-3.3749449365717306,16.593368619074045,-1.7774690136226141,-4.974153408548532,-2.238093227608723,2.1717201251491667,2.6344518390991447,0,1
4,-0.14819281674908136,-12.738826956583784,-16.594953204459642,0.02385965423063369,-7.217280041474254,-9.465509523964814,-0.015965733497666144,-1.3504898268767649,0.41617291572866844,-2.0654919763856463,-12.826155762031725,-3.0823414668715436,17.87870685627721,-4.959587939908104,0.750199486877942,-2.7286772392741194,0.9692016702494904,5.142702743010959,0,1
3,-1.6017811973866964,-13.926881757848674,-17.670110513815786,0.030685971450349826,-7.061842258116293,-5.405308643126981,-0.05431437008211582,-1.39973654850316,5.160247474694355,-7.388492611346709,-9.582267414620153,2.073456002369828,19.61240952386095,-2.388038747804067,-11.897050403074582,-3.006637061914514,3.2259986278961454,0.39280481888553953,0,1
2,-2.0710776665630264,-12.746413028105357,-14.0032841341934,0.03110705340354678,-6.7653647398458165,-5.95791846193872,0.03494986974303456,-1.62956676749411,2.8270909885276443,-3.7481734664140505,-10.974017881951623,-0.2521438329250398,15.656183339762137,-3.447896797289842,-7.210442707006461,-3.332495284809572,7.628605646217608,4.02308354462032,0,1
3,1.8151244406227531,-14.665184220601837,-11.026780400819574,0.031487672678997616,-3.911349457136225,-5.823230826036417,-0.18652489360114685,-1.0020050749147933,3.153987680501006,-3.0815792970944393,-11.184332827149941,-0.4911340140424024,20.052953183799712,-3.1846874558002503,-4.253060052141779,-3.042895358646814,2.7292066765366663,4.513010021375339,0,1
1,-0.5721040592493402,-13.022135525564257,-14.252638493509334,0.025523795700671023,-1.8823737040812034,-5.6120103984148155,-0.05242855991518902,-0.7852719660683891,7.39446763222335,-4.378257842876101,-8.658405646933678,-4.436804366807381,19.516767954850337,-1.6119734966254875,-8.6869070165134,-1.858926525381794,2.744024060115041,3.805066839668648,0,1
2,-1.5399328476373089,-12.734450927591494,-11.814976587270412,0.021773624447759463,-8.98786105118125,-6.909150124510085,-0.0846217938698922,-0.14912574386193928,3.03195656357127,-4.748787615236681,-7.871738517501627,6.034048323384604,17.33355857446711,-2.5451403055893356,-1.9262382030228957,-3.8577042108511215,2.321796600031541,3.216879317573735,0,1
3,2.463631842471007,-11.797969573489606,-14.202806605604792,0.028236827896524232,-6.976285964213056,-5.633750568326017,-0.14119680496498935,-0.1953579746131746,3.6837538835900343,-3.9577314014315683,-14.942161879505113,-1.3689054593103311,19.209470996219054,-5.5601955477682585,-7.032223685336277,-3.367257201040692,5.518712334362499,5.397152271034315,0,0
2,0.7876607037343902,-10.854489980583475,-11.62704212218643,0.031221436407403783,-7.033039968367403,-6.289829408483057,-0.1357603006484985,-0.502024154479534,4.322581871217617,-3.3461236712183196,-13.20880175302841,3.821348689630096,22.014389786561384,-5.801250115747669,-4.069972247757479,-1.464196123850545,3.9321092036572405,4.70567695464407,0,1
2,-2.199115031369984,-15.832769885157255,-17.26346062075655,0.015330780626010117,-9.849505149151534,-9.570894741168615,0.035103965799212176,-1.169828719057133,3.576745976241862,2.21750346060071,-11.061720694856133,-1.563932659162653,16.90884654095466,-3.019302306939561,-3.971879530260603,-3.5982880738543446,0.9262948571686064,4.288433845292526,0,1
4,-2.3022388149860364,-12.797818960687193,-12.064325324410715,0.036778359157077105,-2.1053710087816255,-6.32972815329139,-0.027014496126950043,-1.7611340054623912,5.1467995347192925,-1.708211913412332,-10.034052830956917,-2.0151000398948185,18.3344763328209,-3.753299203103304,-4.843495268073345,-2.2746500682346387,1.7509963207281019,3.8507327170242793,0,1
1,0.09702966012191794,-11.431986424567114,-11.997189228599856,0.0289169057172895,-6.527519183667996,-6.202820727634022,-0.21888447793630028,-1.3982717165446013,1.6686424551959833,-3.9684180930671653,-13.878581194052598,-0.12749408061990053,19.504800020013175,-2.989433829163892,-4.256533032194483,-3.0871212144768103,6.329841522831396,6.638436292183816,0,0
3,2.709773736102618,-17.682006204170243,-11.961763826204088,0.02075166841041512,-8.574208462905471,-5.163999830095954,-0.2799563648031298,-0.5054511322247833,3.180195722887982,-2.650110315273908,-8.628494618109558,-3.049834695509829,18.953047322242167,-3.516378386861198,-6.481938496766273,-3.2480619388046827,1.568040350273466,-0.017821682643614695,0,1
3,1.038024547769285,-12.670358955083646,-10.40317059262166,0.0283208406721691,-3.0100051503947163,-6.533434173947285,-0.013248982407374198,-0.6198787650914973,3.019759627960745,-2.801935070728673,-13.523172315494238,-4.385135192515968,18.358200334127165,-2.8110706722314296,-2.3415499014065753,-2.3674262459409183,4.250332126650934,4.421591507919262,0,1
1,-3.9152834464884827,-12.796784307679923,-11.564798690033307,0.027387407056855162,-5.985850922521169,-6.635094533256262,0.061374234716768554,-0.7518225928823412,3.3303532801757374,-1.8064942178767671,-7.252219312790234,0.31483757562284087,17.276324612190997,-3.3666760647017138,-3.6007451547861553,-1.654788443881098,4.967281575172817,5.2994340526275145,0,0
3,1.101815330758494,-11.224333944596157,-9.152743579518672,0.028036610530211153,-6.81070298568449,-3.980708214889596,-0.13065723013954325,-0.6956135082001534,4.296904089684962,-3.151986176510131,-8.587188657889637,0.2931970207926423,18.777159786084354,-3.2501143568029014,-9.308823733521905,-1.3426732797799619,2.6959057815869607,1.8540694287078558,0,1
1,1.0942998383105025,-13.869869576023277,-11.15232067973469,0.0234168411886756,-5.969686205121266,-5.393613124059635,0.03577773050914565,-2.1664205630579767,3.1838336848812636,-7.0129742174709655,-7.585874086856532,0.23205642656898368,19.23711684899498,-1.833721118254045,-4.034197351088916,-2.8965595010569767,6.2913755956006545,6.466697713763603,0,1
1,2.663699709180224,-12.786844019404938,-9.050740736865745,0.019307356116421405,-5.19078140026116,-4.408531074011377,-0.2126682085886983,-1.9514558686452028,1.5925805004449012,-0.28565711098486224,-11.154497181104272,-3.4548872069345484,17.01798368302759,-2.0805820005711273,-9.955785563929082,-2.5959426674637234,2.5835984904062577,4.425651180522252,1,0
1,0.4532253860955742,-14.374858864802595,-10.639371490047068,0.025842068781496086,-8.75740016674927,-4.863914500298754,-0.20873385663693975,-0.6830487543074676,4.032163502565611,1.7547541216613411,-13.975455948135698,-3.5433099933944634,23.168685872736415,-4.447304541118629,-11.549113202737427,-2.1210893896244776,5.687631364051434,3.1612708084634735,0,1
4,-0.4446839412713168,-14.76753492034618,-11.755396721297645,0.017066617458602204,-5.350779549437702,-6.131695003763198,-0.0308078898973506,-0.31511481459024204,3.428667021651737,-1.8907543495790213,-13.134071835976163,-1.851094114140455,18.792220493043622,-3.2321363474487534,-5.009538659550538,-1.959874960948818,2.615689515183141,4.566304040153977,0,1
1,-0.11725654109971062,-12.387853462881228,-12.097857343713395,0.029931708257376014,-6.2741925378605785,-6.75639295440393,-0.03728370988159987,-0.9451511468947584,1.5552781770592943,-4.207161946003868,-9.577406307202251,4.3315005045919746,17.425413839453277,-4.711515379890945,-1.161607183791082,-2.7455956190166417,0.7286634842792848,4.0939507888047455,0,1
1,-1.5785876683648952,-14.026627990265046,-11.528886405671267,0.02748728968490134,-4.6255300547450995,-4.679862496161966,0.027407142844606616,-2.223282280612837,4.575651015153405,-3.1276050487768137,-11.93753117885949,-1.8544796898753644,17.04685870643873,-5.962928731411731,-10.425059580119612,-2.3933171353093847,2.679066799098475,5.224746026617118,0,1
1,1.0815541275214087,-13.969143158809796,-15.034335635949043,0.02154692386875728,-6.733142491484091,-7.26834188125086,-0.19552875394569005,-0.047475048797764735,2.892843114477327,-3.0417021255589245,-12.170191088122065,2.1372350239042577,18.92646077878777,-3.775517105693876,-3.238173588296144,-2.1372127461841925,2.045474608199529,6.935908710210762,0,1
3,-2.5235371315620143,-12.888698170859294,-14.822179624003361,0.01965192301202623,-8.005865520895258,-6.42628252765976,0.024796074342188387,-1.6499441343633339,4.740288631183456,-4.029911416645404,-14.503219147998207,-1.4487357316651515,22.312688353261375,-4.626891046738815,-5.5447649183966075,-2.6003594770064287,4.579203769801753,4.7196318534256205,0,1
1,2.374775304576245,-12.236523432831882,-13.087347018506657,0.032617654794515595,-3.311016192399674,-4.825066840257178,-0.12037205461928584,-1.1979110209046766,7.827620909295577,-5.082914414978894,-9.577975236555645,-3.0126051050371965,18.878960610011706,-2.1634052077081347,-10.322452464335642,-2.373911508227924,3.7349103403966875,5.3188325237521275,0,0
2,-0.0761559130793041,-9.656853277841963,-13.510907965380042,0.026807618609280926,-7.965053051165399,-5.528490003694072,0.05798128400259058,-0.5580283627638287,7.097275296574207,-2.7977154581344346,-13.627609467522955,-2.618497704533724,24.886081270682933,-4.755440747778765,-8.318310498867572,-1.305119277660554,1.8952621909512137,3.1558396685860934,0,1
1,0.07913220639052254,-12.75512432305051,-9.146145019263733,0.022149542269364882,-4.315946428990682,-3.583145086802479,-0.1773053680280408,-0.6074141642926597,4.098456931197367,-7.277367143636288,-9.743210466446975,-2.078586279384732,18.444011775698357,-2.6960465362740753,-4.947772530038538,-1.977745900547203,-1.0380819844622802,4.685485982307676,0,1
